sentiment,avg_likes,avg_replies,comment_count
Negative,34.097304705344904,1.2391502969392416,4378
Neutral,19.835555555555555,0.8444444444444444,675
Positive,36.96666666666667,0.9754385964912281,1710
