sentiment,count,percentage
Negative,4378,64.73458524323524
Positive,1710,25.284636995416236
Neutral,675,9.980777761348515
