sentiment,avg_likes,avg_replies,comment_count
Negative,17.560536237955592,1.2457059069962295,4774
Positive,46.66867469879518,2.7086527929901423,1826
