sentiment,count,percentage
Negative,4774,72.33333333333333
Positive,1826,27.666666666666668
